chil_mean_q,chil_min_q,chil_quality_s,chil_smooth_s,cpp_distmesh_s,cpp_mean_q,cpp_nodes,cpp_vs_py,file_size_mb,h0,mesh,py_distmesh_s,py_mean_q,py_nodes,rs_distmesh_s,rs_mean_q,rs_nodes,rs_vs_py
0.9552,0.0,0.0033,11.1624,0.0446,0.9822,2397,6.81,5.48,0.7048653448332132,WNAT_Hagen.14,0.3038,0.9896,2397,0.1188,0.9861,2397,2.56
0.8838,0.0002,0.0034,11.0984,0.0376,0.9835,2480,13.61,9.47,0.33778008696708817,Chesapeake_Bay.14,0.5123,0.9778,2458,0.2443,0.9605,2480,2.1
0.9409,0.0011,0.0028,7.816,0.0544,0.9757,1967,8.45,15.16,0.20799133942844714,Great_Lakes.14,0.46,0.9824,1967,0.182,0.9809,1967,2.53
0.9549,0.0001,0.0031,10.9804,0.0538,0.9839,2397,6.0,15.32,0.7047925293854269,WNAT_Onur.14,0.323,0.9892,2397,0.1359,0.9875,2397,2.38
